Time Elapsed,Temp,Pressure,aX,aY,aZ,gX,gY,gZ,mX,mY,mZ
1.0111677646636963,23.65625,1003.4689535336441,40,-2048,15392,161,5,-174,2112,0,0
2.523564577102661,23.6640625,1003.6585969717114,32,-2048,15360,130,4,320,2112,0,0
4.035994052886963,23.65625,1003.6964014562836,8,-1752,15424,5,-634,128,2112,0,0
5.54838752746582,23.640625,1003.6964014562836,0,-1872,15360,261,16,160,2112,0,0
7.060825347900391,23.65625,1003.6964014562836,0,-2048,14568,261,268,217,2112,0,0
8.572950601577759,23.671875,1003.6585969717114,0,-1768,15448,66,33,256,2112,0,0
10.085094213485718,23.6640625,1003.5067509881466,0,-1984,15360,21,258,135,2112,0,0
